name,year,race,hair,pubichair,dead
Marilyn Monroe,1953,White,Red,NULL,TRUE
Margie Harrison,1954,White,Black,NULL,FALSE
Margaret Scott,1954,White,Blonde,NULL,FALSE
Dolores Del Monte,1954,White,Brown,NULL,TRUE
Marilyn Waltz,1954,White,Blonde,NULL,FALSE
Joanne Arnold,1954,White,Black,NULL,FALSE
Margie Harrison,1954,White,Black,NULL,FALSE
Neva Gilbert,1954,White,Black,NULL,FALSE
Arline Hunter,1954,White,Red,NULL,FALSE
Jackie Rainbow,1954,White,Brown,NULL,TRUE
Madeline Castle,1954,White,Red,NULL,FALSE
Diane Hunter,1954,White,Red,NULL,FALSE
Terry Ryan,1954,White,Blonde,NULL,FALSE
Bettie Page,1955,White,Black,NULL,TRUE
Jayne Mansfield,1955,White,Blonde,NULL,TRUE
N/A,1955,NULL,NULL,NULL,FALSE
Marilyn Waltz,1955,White,Blonde,NULL,TRUE
Marguerite Empey,1955,White,Blonde,NULL,FALSE
Eve Meyer,1955,White,Blonde,NULL,TRUE
Janet Pilgrim,1955,White,Blonde,NULL,FALSE
Pat Lawler,1955,White,Black,NULL,FALSE
Anne Fleming,1955,White,Black,NULL,FALSE
Jean Moorehead,1955,White,Blonde,NULL,FALSE
Barbara Cameron,1955,White,Blonde,NULL,FALSE
Janet Pilgrim,1955,White,Blonde,NULL,FALSE
Lynn Turner,1956,White,Red,NULL,FALSE
Marguerite Empey,1956,White,Brown,NULL,TRUE
Marian Stafford,1956,White,Blonde,NULL,TRUE
Rusty Fisher,1956,White,Red,NULL,FALSE
Marion Scott,1956,White,Blonde,NULL,FALSE
Gloria Walker,1956,White,Brown,NULL,FALSE
Alice Denham,1956,White,Red,NULL,TRUE
Jonnie Nicely,1956,White,Blonde,NULL,TRUE
Elsa Sorensen,1956,White,Blonde,NULL,TRUE
Janet Pilgrim,1956,White,Blonde,NULL,FALSE
Betty Blue,1956,White,Brown,NULL,TRUE
Lisa Winters,1956,White,Blonde,NULL,FALSE
June Blair,1957,White,Red,NULL,FALSE
Sally Todd,1957,White,Blonde,NULL,FALSE
Sandra Edwards,1957,White,Black,NULL,FALSE
Gloria Windsor,1957,White,Blonde,NULL,FALSE
Dawn Richard,1957,White,Brown,NULL,FALSE
Carrie Radison,1957,White,Red,NULL,FALSE
Jean Jani,1957,White,Black,NULL,FALSE
Dolores Donlon,1957,White,Blonde,NULL,FALSE
Jacquelyn Prescott,1957,White,Red,NULL,FALSE
Colleen Farrington,1957,White,Brown,NULL,TRUE
Marlene Callahan,1957,White,Blonde,NULL,FALSE
Linda Vargas,1957,Latina,Black,NULL,TRUE
Elizabeth Ann Roberts,1958,White,Brown,NULL,FALSE
Cheryl Kubert,1958,White,Brown,NULL,TRUE
Zahra Norbo,1958,White,Red,NULL,FALSE
Felicia Atkins,1958,White,Black,NULL,FALSE
Lari Lane,1958,White,Blonde,NULL,FALSE
Judy Lee Tomerlin,1958,White,Red,NULL,FALSE
Linné Nanette Ahlstrand,1958,White,Blonde,NULL,TRUE
Myrna Weber,1958,White,Red,NULL,FALSE
Teri Hope,1958,White,Blonde,NULL,FALSE
Mara Corday,1958,White,Red,NULL,FALSE
Joan Staley,1958,White,Blonde,NULL,FALSE
Joyce Nizzari,1958,White,Black,NULL,FALSE
Virginia Gordon,1959,White,Brown,NULL,FALSE
Eleanor Bradley,1959,White,Brown,NULL,FALSE
Audrey Daston,1959,White,Blonde,NULL,FALSE
Nancy Crawford,1959,White,Black,NULL,FALSE
Cindy Fuller,1959,White,Brown,NULL,FALSE
Marilyn Fuller,1959,White,Brown,NULL,FALSE
Yvette Vickers,1959,White,Blonde,NULL,TRUE
Clayre Peters,1959,White,Brown,Null,FALSE
Marianne Gaba,1959,White,Red,NULL,TRUE
Elaine Reynolds,1959,White,Brown,NULL,FALSE
Donna Lynn,1959,White,Blonde,NULL,FALSE
Ellen Stratton,1959,White,Blonde,NULL,FALSE
Stella Stevens,1960,White,Blonde,NULL,FALSE
Susie Scott,1960,White,Brown,NULL,FALSE
Sally Sarell,1960,White,Blonde,NULL,FALSE
Linda Gamble,1960,White,Blonde,NULL,FALSE
Ginger Young,1960,White,Brown,NULL,FALSE
Delores Wells,1960,White,Brown,NULL,FALSE
Teddi Smith,1960,White,Blonde,NULL,FALSE
Elaine Paul,1960,White,Blonde,NULL,FALSE
Ann Davis,1960,White,Brown,NULL,FALSE
Kathy Douglas,1960,White,Brown,NULL,FALSE
Joni Mattis,1960,White,Brown,NULL,TRUE
Carol Eden,1960,White,Blonde,NULL,FALSE
Connie Cooper,1961,White,Brown,NULL,FALSE
Barbara Ann Lawford,1961,White,Black,NULL,FALSE
Tonya Crews,1961,White,Brown,NULL,TRUE
Nancy Nielsen,1961,White,Brown,NULL,FALSE
Susan Kelly,1961,White,Blonde,NULL,FALSE
Heidi Becker,1961,White,Black,NULL,FALSE
Sheralee Conners,1961,White,Brown,NULL,FALSE
Karen Thompson,1961,White,Red,NULL,FALSE
Christa Speck,1961,White,Blonde,NULL,TRUE
Jean Cannon,1961,White,Black,NULL,TRUE
Dianne Danford,1961,White,Blonde,NULL,FALSE
Lynn Karrol,1961,White,Blonde,NULL,FALSE
Merle Pertile,1962,White,Red,NULL,TRUE
Kari Knudsen,1962,White,Brown,NULL,FALSE
Pamela Anne Gordon,1962,White,Blonde,NULL,FALSE
Roberta Lane,1962,White,Brown,NULL,FALSE
Marya Carter,1962,White,Brown,NULL,FALSE
Melissa Mathes,1962,White,Brown,NULL,FALSE
Unne Terjesen,1962,White,Blonde,NULL,FALSE
Jan Roberts,1962,White,Blonde,NULL,FALSE
Mickey Winters,1962,White,Blonde,NULL,FALSE
Laura Young,1962,White,Brown,NULL,TRUE
Avis Kimble,1962,White,Red,NULL,FALSE
June Cochran,1962,White,Blonde,NULL,TRUE
Judi Monterey,1963,White,Brown,NULL,FALSE
Toni Ann Thomas,1963,White,Brown,NULL,FALSE
Adrienne Moreau,1963,White,Blonde,NULL,FALSE
Sandra Settani,1963,White,Brown,NULL,FALSE
Sharon Cintron,1963,White,Brown,NULL,FALSE
Connie Mason,1963,White,Blonde,NULL,FALSE
Carrie Enright,1963,White,Brown,NULL,FALSE
Phyllis Sherwood,1963,White,Red,NULL,TRUE
Victoria Valentino,1963,White,Black,NULL,FALSE
Christine Williams,1963,White,Red,NULL,FALSE
Terre Tucker,1963,White,Black,NULL,TRUE
Donna Michelle,1963,White,Blonde,NULL,TRUE
Sharon Rogers,1964,White,Brown,NULL,FALSE
Nancy Jo Hooper,1964,White,Red,NULL,TRUE
Nancy Scott,1964,White,Blonde,NULL,FALSE
Ashlyn Martin,1964,White,Brown,NULL,TRUE
Terri Kimball,1964,White,Brown,NULL,FALSE
Lori Winston,1964,White,Brown,NULL,FALSE
Melba Ogle,1964,White,Blonde,NULL,FALSE
China Lee,1964,Asian,Black,NULL,FALSE
Astrid Schulz,1964,White,Brown,NULL,FALSE
Rosemarie Hillcrest,1964,White,Blonde,NULL,FALSE
Kai Brendlinger,1964,White,Black,NULL,FALSE
Jo Collins,1964,White,Brown,NULL,FALSE
Sally Duberson,1965,White,Brown,NULL,FALSE
Jessica St. George,1965,White,Black,NULL,FALSE
Jennifer Jackson,1965,Black,Black,NULL,TRUE
Sue Williams,1965,White,Blonde,NULL,TRUE
Maria McBane,1965,White,Brown,NULL,FALSE
Hedy Scott,1965,White,Brown,NULL,FALSE
Gay Collier,1965,White,Red,NULL,FALSE
Lannie Balcom,1965,White,Blonde,NULL,TRUE
Patti Reynolds,1965,White,Black,NULL,FALSE
Allison Parks,1965,White,Blonde,NULL,TRUE
Pat Russo,1965,White,Brown,NULL,FALSE
Dinah Willis,1965,White,Blonde,NULL,FALSE
Judy Tyler,1966,White,Red,NULL,TRUE
Melinda Windsor,1966,White,Blonde,NULL,FALSE
Priscilla Wright,1966,White,Blonde,NULL,FALSE
Karla Conway,1966,White,Brown,NULL,FALSE
Dolly Read,1966,White,Brown,NULL,FALSE
Kelly Burke,1966,White,Brown,NULL,FALSE
Tish Howard,1966,White,Brown,NULL,FALSE
Susan Denberg,1966,White,Blonde,NULL,FALSE
Dianne Chandler,1966,White,Brown,NULL,FALSE
Linda Moon,1966,White,Blonde,NULL,FALSE
Lisa Baker,1966,White,Brown,NULL,FALSE
Susan Bernard,1966,White,Brown,NULL,FALSE
Surrey Marshe,1967,White,Blonde,NULL,FALSE
Kim Farber,1967,White,Brown,NULL,FALSE
Fran Gerard,1967,White,Brown,NULL,TRUE
Gwen Wong,1967,Asian,Black,NULL,FALSE
Anne Randall,1967,White,Blonde,NULL,FALSE
Joey Gibson,1967,White,Blonde,NULL,FALSE
Heather Ryan,1967,White,Blonde,NULL,FALSE
DeDe Lind,1967,White,Blonde,NULL,FALSE
Angel Dorian,1967,White,Red,NULL,FALSE
Reagan Wilson,1967,White,Blonde,NULL,FALSE
Kaya Christian,1967,White,Blonde,NULL,FALSE
Lynn Winchell,1967,White,Brown,NULL,FALSE
Connie Kreski,1968,White,Blonde,NULL,TRUE
Nancy Harwood,1968,White,Red,NULL,TRUE
Michelle Hamilton,1968,White,Brown,NULL,FALSE
Gaye Rennie,1968,White,Blonde,NULL,FALSE
Elizabeth Jordan,1968,White,Blonde,NULL,FALSE
Britt Frediksen,1968,White,Blonde,NULL,FALSE
Melodye Prentiss,1968,White,Blonde,NULL,TRUE
Gale Olson,1968,White,Brown,NULL,FALSE
Dru Hart,1968,White,Brown,NULL,FALSE
Majken Haugedal,1968,White,Blonde,NULL,FALSE
Paige Young,1968,White,Blonde,NULL,TRUE
Cynthia Myers,1968,White,Brown,NULL,TRUE
Leslie Bianchini,1969,White,Black,NULL,FALSE
Lorrie Menconi,1969,White,Red,NULL,FALSE
Kathy MacDonald,1969,White,Blonde,NULL,FALSE
Lorna Hopper,1969,White,Blonde,NULL,FALSE
Sally Sheffield,1969,White,Brown,NULL,FALSE
Helena Antonaccio,1969,White,Blonde,NULL,FALSE
Nancy McNiel,1969,White,Black,NULL,FALSE
Debbie Hooper,1969,White,Brown,NULL,FALSE
Shay Knuth,1969,White,Blonde,NULL,FALSE
Jean Bell,1969,Black,Black,NULL,FALSE
Claudia Jennings,1969,White,Red,NULL,TRUE
Gloria Root,1969,White,Brown,NULL,TRUE
Jill Taylor,1970,White,Blonde,NULL,FALSE
Linda Forsythe,1970,White,Brown,NULL,FALSE
Chris Koren,1970,White,Brown,NULL,FALSE
Barbara Hillary,1970,White,Blonde,NULL,FALSE
Jennifer Liano,1970,White,Brown,NULL,FALSE
Elaine Morton,1970,White,Blonde,NULL,FALSE
Carol Willis,1970,White,Brown,NULL,TRUE
Sharon Clark,1970,White,Red,NULL,FALSE
Debbie Ellison,1970,White,Blonde,NULL,FALSE
Madeline Collinson & Mary Collinson,1970,White,Brown,NULL,HALF TRUE
Avis Miller,1970,White,Blonde,NULL,FALSE
Carol Imhof,1970,White,Brown,NULL,FALSE
Liv Lindeland,1971,White,Blonde,NULL,FALSE
Willy Rey,1971,White,Red,NULL,TRUE
Cynthia Hall,1971,White,Black,NULL,FALSE
Chris Cranston,1971,White,Blonde,NULL,FALSE
Janice Pennington,1971,White,Blonde,NULL,FALSE
Lieko English,1971,White,Blonde,NULL,FALSE
Heather Van Every,1971,Asian,Brown,NULL,FALSE
Cathy Rowland,1971,White,Blonde,NULL,FALSE
Crystal Smith,1971,White,Brown,NULL,FALSE
Claire Rambeau,1971,White,Brown,NULL,FALSE
Danielle de Vabre,1971,White,Brown,NULL,FALSE
Karen Christy,1971,White,Blonde,NULL,FALSE
Marilyn Cole,1972,White,Brown,NULL,FALSE
P.J. Lansing,1972,White,Blonde,NULL,FALSE
Ellen Michaels,1972,White,Brown,NULL,FALSE
Vicki Peters,1972,White,Blonde,NULL,FALSE
Deanna Baker,1972,White,Red,NULL,FALSE
Debbie Davis,1972,White,Brown,NULL,FALSE
Carol O’Neal,1972,White,Brown,Yes,FALSE
Linda Summers,1972,White,Brown,NULL,FALSE
Susan Miller,1972,White,Brown,NULL,FALSE
Sharon Johansen,1972,White,Blonde,Yes,FALSE
Leona Sjoobloom,1972,White,Brown,Yes,FALSE
Mercy Rooney,1972,White,Blonde,NULL,FALSE
Miki Garcia,1973,White,Brown,Yes,FALSE
Cyndi Wood,1973,White,Red,Yes,FALSE
Bonnie Large,1973,White,Brown,Yes,FALSE
Julie Woodson,1973,Black,Black,NULL,FALSE
Anulka Dziubinska,1973,White,Blonde,Yes,FALSE
Ruthy Ross,1973,White,Brown,NULL,FALSE
Martha Smith,1973,White,Blonde,Yes,FALSE
Phyllis Coleman,1973,White,Brown,Yes,FALSE
Geri Glass,1973,White,Blonde,Yes,FALSE
Valeria Lane,1973,White,Brown,Yes,FALSE
Monica Tidwell,1973,White,Blonde,Yes,FALSE
Christine Maddox,1973,White,Brown,Yes,FALSE
Nancy Cameron,1974,White,Brown,Yes,FALSE
Francine Parks,1974,White,Brown,Yes,FALSE
Pamela Zinszer,1974,White,Brown,Yes,FALSE
Marlene Morrow,1974,White,Blonde,Yes,FALSE
Marilyn Lange,1974,White,Blonde,Yes,FALSE
Sandy Johnson,1974,White,Brown,Yes,FALSE
Carol Vitale,1974,White,Blonde,No,TRUE
Jean Manson,1974,White,Blonde,NULL,FALSE
Kristine Hanson,1974,White,Blonde,NULL,FALSE
Ester Cordet,1974,White,Brown,No,FALSE
Bebe Buell,1974,White,Blonde,Yes,FALSE
Janice Raymond,1974,White,Brown,Yes,FALSE
Lynnda Kimball,1975,White,Blonde,Yes,FALSE
Laura Misch,1975,White,Brown,Yes,FALSE
Ingeborg Sorensen,1975,White,Blonde,No,FALSE
Victoria Cunningham,1975,White,Brown,No,FALSE
Bridgett Rollins,1975,White,Brown,Yes,TRUE
Azizi Johari,1975,White,Black,No,FALSE
Lynn Schiller,1975,White,Blonde,No,FALSE
Lillian Müller,1975,White,Blonde,Yes,FALSE
Mesina Miller,1975,White,Brown,Yes,FALSE
Jill De Vries,1975,White,Blonde,Yes,FALSE
Janet Lupo,1975,White,Red,Yes,FALSE
Nanci Li Brandi,1975,White,Brown,Yes,FALSE
Daina House,1976,White,Blonde,Yes,FALSE
Laura Lyons,1976,White,Black,Yes,FALSE
Ann Pennington,1976,White,Blonde,Yes,FALSE
Denise Michele,1976,Asian,Black,Yes,FALSE
Patricia Margot McClain,1976,White,Blonde,Yes,FALSE
Debra Peterson,1976,White,Blonde,Yes,FALSE
Deborah Borkman,1976,White,Blonde,Yes,FALSE
Linda Beatty,1976,White,Brown,Yes,FALSE
Whitney Kaine,1976,White,Blonde,No,FALSE
Hope Olson,1976,White,Blonde,Yes,FALSE
Patti McGuire,1976,White,Brown,Yes,FALSE
Karen Hafter,1976,White,Black,Yes,FALSE
Susan Lynn Kiger,1977,White,Blonde,NULL,FALSE
Star Stowe,1977,White,Blonde,Yes,TRUE
Nicki Thomas,1977,White,Brown,NULL,TRUE
Lisa Sohm,1977,White,Brown,Yes,FALSE
Sheila Mullen,1977,White,Blonde,Yes,FALSE
Virve Reid,1977,White,Red,Yes,FALSE
Sondra Theodore,1977,White,Blonde,NULL,FALSE
Julia Lyndon,1977,White,Brown,Yes,FALSE
Debra Jo Fondren,1977,White,Blonde,Yes,FALSE
Kristine Winder,1977,White,Brown,Yes,TRUE
Rita Lee,1977,White,Blonde,Yes,FALSE
Ashley Cox,1977,White,Blonde,Yes,FALSE
Debra Jensen,1978,White,Blonde,Yes,FALSE
Janis Schmitt,1978,White,Blonde,Yes,FALSE
Christina Smith,1978,White,Brown,No,FALSE
Pamela Jean Bryant,1978,White,Blonde,Yes,TRUE
Kathryn Morrison,1978,White,Blonde,Yes,FALSE
Gail Stanton,1978,White,Brown,NULL,TRUE
Karen Morton,1978,White,Blonde,NULL,TRUE
Vicki Witt,1978,White,Brown,NULL,FALSE
Rosanne Katon,1978,Black,Black,Yes,FALSE
Marcy Hanson,1978,White,Blonde,Yes,FALSE
Monique St. Pierre,1978,White,Blonde,Yes,FALSE
Janet Quist,1978,White,Blonde,Yes,FALSE
Candy Loving,1979,White,Brown,Yes,FALSE
Lee Ann Michelle,1979,White,Brown,Yes,FALSE
Denise McConnell,1979,White,Brown,NULL,FALSE
Missy Cleveland,1979,White,Blonde,Yes,TRUE
Michele Drake,1979,White,Blonde,Yes,FALSE
Louann Fernald,1979,White,Brown,Yes,FALSE
Dorothy Mays,1979,White,Blonde,NULL,FALSE
Dorothy Stratten,1979,White,Blonde,Yes,TRUE
Vicki McCarty,1979,White,Brown,Yes,FALSE
Ursula Buchfeller,1979,White,Blonde,Yes,FALSE
Sylvie Garant,1979,White,Brown,Yes,FALSE
Candace Collins,1979,White,Brown,Yes,FALSE
Gig Gangel,1980,White,Blonde,Yes,FALSE
Sandy Cagle,1980,White,Blonde,Yes,FALSE
Henriette Allais,1980,White,Brown,Yes,FALSE
Liz Glazowski,1980,White,Brown,Yes,FALSE
Martha Thomen,1980,White,Blonde,Yes,FALSE
Ola Ray,1980,Black,Black,Yes,FALSE
Teri Peterson,1980,White,Blonde,NULL,FALSE
Victoria Cooke,1980,White,Blonde,Yes,FALSE
Lisa Welch,1980,White,Blonde,Yes,FALSE
Mardi Jacquet,1980,White,Blonde,Yes,FALSE
Jeana Tomasino,1980,White,Brown,Yes,FALSE
Terri Welles,1980,White,Blonde,Yes,FALSE
Karen Price,1981,White,Blonde,Yes,FALSE
Vicki Lynn Lasseter,1981,White,Brown,NULL,FALSE
Kimberly Herrin,1981,White,Blonde,Yes,FALSE
Lorraine Michaels,1981,White,Black,Yes,FALSE
Gina Goldberg,1981,White,Blonde,NULL,FALSE
Cathy Larmouth,1981,White,Brown,Yes,TRUE
Heidi Sorenson,1981,White,Blonde,Yes,FALSE
Debbie Boostroom,1981,White,Brown,Yes,TRUE
Susan Smith,1981,White,Blonde,Yes,FALSE
Kelly Tough,1981,White,Brown,Yes,FALSE
Shannon Tweed,1981,White,Blonde,Yes,FALSE
Patricia Farinelli,1981,White,Brown,Yes,FALSE
Kimberly McArthur,1981,White,Blonde,No,FALSE
Anne-Marie Fox,1982,Black,Black,No,FALSE
Karen Witter,1982,White,Blonde,Yes,FALSE
Linda Rhys Vaughn,1982,White,Blonde,Yes,FALSE
Kym Malin,1982,White,Blonde,Yes,FALSE
Lourdes Estore,1982,Black,Black,Yes,FALSE
Lynda Wiesmeier,1982,White,Blonde,Yes,TRUE
Cathy St. George,1982,White,Blonde,Yes,FALSE
Connie Brighton,1982,White,Blonde,Yes,FALSE
Marianne Gravatte,1982,White,Blonde,Yes,FALSE
Marlene Janssen,1982,White,Blonde,Yes,FALSE
Charlotte Kemp,1982,White,Brown,Yes,FALSE
Lonny Chin,1983,Asian,Brown,Yes,FALSE
Melinda Mays,1983,White,Blonde,NULL,FALSE
Alana Soares,1983,White,Brown,NULL,FALSE
Christina Ferguson,1983,White,Blonde,Yes,FALSE
Susie Scott Krabacher,1983,White,Blonde,Yes,FALSE
Jolanda Egger,1983,White,Brown,Yes,FALSE
Ruth Guerri,1983,White,Blonde,Yes,FALSE
Carina Persson,1983,White,Brown,Yes,FALSE
Barbara Edwards,1983,White,Brown,Yes,FALSE
Tracy Vaccaro,1983,White,Blonde,Yes,FALSE
Veronica Gamba,1983,Latina,Black,Yes,FALSE
Terry Nihen,1983,White,Brown,Yes,FALSE
Penny Baker,1984,White,Blonde,Yes,FALSE
Justine Greiner,1984,White,Brown,Yes,FALSE
Dona Speir,1984,White,Blonde,No,FALSE
Lesa Ann Pedriana,1984,White,Blonde,Yes,FALSE
Patty Duffek,1984,White,Brown,Yes,FALSE
Tricia Lange,1984,White,Blonde,Yes,FALSE
Liz Stewart,1984,Black,Brown,Yes,FALSE
Suzi Schott,1984,White,Brown,Yes,FALSE
Kimberly Evenson,1984,White,Blonde,Yes,FALSE
Debi Johnson,1984,White,Brown,Yes,FALSE
Roberta Vasquez,1984,Latina,Black,Yes,FALSE
Karen Velez,1984,Latina,Black,Yes,FALSE
Joan Bennett,1985,White,Blonde,Yes,FALSE
Cherie Witter,1985,White,Brown,Yes,FALSE
Donna Smith,1985,White,Blonde,NULL,FALSE
Cindy Brooks,1985,White,Blonde,Yes,FALSE
Kathy Shower,1985,White,Blonde,Yes,FALSE
Devin DeVasquez,1985,White,Brown,Yes,FALSE
Hope Marie Carlton,1985,White,Blonde,Yes,FALSE
Cher Butler,1985,White,Blonde,Yes,FALSE
Venice Kong,1985,Black,Black,Yes,FALSE
Cynthia Brimhall,1985,White,Red,Yes,FALSE
Pamela Saunders,1985,White,Blonde,Yes,FALSE
Carol Ficatier,1985,White,Blonde,Yes,FALSE
Sherry Arnett,1986,White,Brown,Yes,FALSE
Julie McCullough,1986,White,Blonde,Yes,FALSE
Kim Morris,1986,White,Blonde,Yes,FALSE
Teri Weigel,1986,Black,Brown,Yes,FALSE
Christine Richters,1986,White,Blonde,Yes,FALSE
Rebecca Ferratti,1986,White,Brown,Yes,FALSE
Lynne Austin,1986,White,Blonde,Yes,FALSE
Ava Fabian,1986,White,Brown,Yes,FALSE
Rebekka Armstrong,1986,White,Blonde,Yes,FALSE
Katherine Hushaw,1986,White,Blonde,NULL,FALSE
Donna Edmondson,1986,White,Blonde,Yes,FALSE
Laurie Carr,1986,White,Blonde,NULL,FALSE
Luann Lee,1987,White,Blonde,Yes,FALSE
Julie Peterson,1987,White,Blonde,Yes,FALSE
Marina Baker,1987,White,Brown,Yes,FALSE
Anna Clark,1987,White,Brown,Yes,FALSE
Kymberly Paige,1987,White,Blonde,Yes,FALSE
Sandy Greenberg,1987,White,Blonde,Yes,FALSE
Carmen Berg,1987,White,Blonde,Yes,FALSE
Sharry Konopski,1987,White,Red,Yes,FALSE
Gwen Hajek,1987,White,Blonde,Yes,FALSE
Brandi  Brandt,1987,White,Blonde,Yes,FALSE
Pamela Stein,1987,White,Blonde,Yes,FALSE
India Allen,1987,White,Brown,Yes,FALSE
Kimberly Conrad,1988,White,Brown,Yes,FALSE
Kari Kennel,1988,White,Brown,NULL,FALSE
Susie Owens,1988,White,Blonde,Yes,FALSE
Eloise Broady,1988,White,Blonde,Yes,FALSE
Diana Lee,1988,Asian,Black,Yes,FALSE
Emily Arth,1988,White,Brown,Yes,FALSE
Terri Lynn Doss,1988,White,Blonde,NULL,FALSE
Helle Michael,1988,White,Blonde,Yes,FALSE
Laura Richmond,1988,White,Red,Yes,FALSE
Shannon Long,1988,White,Brown,Yes,FALSE
Pia Reyes,1988,Asian,Brown,Yes,FALSE
Kata Kärkkäinen,1988,White,Black,Yes,FALSE
Fawna MacLaren,1989,White,Brown,Yes,FALSE
Simone Eden,1989,White,Blonde,Yes,FALSE
Laura Wood,1989,White,Blonde,Yes,FALSE
Jennifer Jackson,1989,White,Blonde,Yes,TRUE
Monique Noel,1989,White,Blonde,Yes,FALSE
Tawnni Cable,1989,White,Brown,Yes,FALSE
Erika Eleniak,1989,White,Blonde,Yes,FALSE
Gianna Amore,1989,White,Brown,Yes,FALSE
Karin van Breschooten & Mirjam van Breeschooten,1989,White,Blonde,Yes,FALSE
Karen Foster,1989,White,Blonde,Yes,FALSE
Renee Tenison,1989,Black,Black,Yes,FALSE
Petra Verkaik,1989,White,Brown,Yes,FALSE
Peggy McIntaggart,1990,White,Blonde,Yes,FALSE
Pamela Anderson,1990,White,Blonde,Yes,FALSE
Deborah Driggs,1990,White,Brown,NULL,FALSE
Lisa Matthews,1990,White,Blonde,Yes,FALSE
Tina Bockrath,1990,White,Blonde,Yes,FALSE
Bonnie Marino,1990,White,Blonde,NULL,FALSE
Jacqueline Sheen,1990,White,Blonde,Yes,FALSE
Melissa Evridge,1990,White,Blonde,Yes,FALSE
Kerri Kendall,1990,White,Blonde,Yes,FALSE
Brittany York,1990,White,Brown,Yes,FALSE
Lorraine Olivia,1990,Black,Black,Yes,FALSE
Morgan Fox,1990,White,Blonde,Yes,FALSE
Stacy Leigh Arthur,1991,White,Blonde,Yes,FALSE
Cristy Thom,1991,Asian,Brown,Yes,FALSE
Julie Clarke,1991,White,Blonde,Yes,FALSE
Christina Leardini,1991,White,Brown,NULL,FALSE
Carrie Jean Yazel,1991,White,Blonde,Yes,FALSE
Saskia Linssen,1991,White,Red,Yes,FALSE
Wendy Kaye,1991,White,Blonde,Yes,FALSE
Corinna Harney,1991,White,Blonde,Yes,FALSE
Samantha Dorman,1991,White,Brown,Yes,FALSE
Cheryl Bachman,1991,White,Blonde,NULL,FALSE
Tonja Christensen,1991,White,Blonde,Yes,FALSE
Wendy Hamilton,1991,White,Brown,Yes,FALSE
Suzi Simpson,1992,White,Blonde,Yes,FALSE
Tanya Beyer,1992,White,Blonde,Yes,FALSE
Tylyn John,1992,White,Red,Yes,FALSE
 Cady Cantrell,199,White,Blonde,Yes,FALSE
Anna Nicole Smith,1992,White,Blonde,Yes,TRUE
Angela Melini,1992,Asian,Brown,Yes,FALSE
Amanda Hope,1992,White,Blonde,Yes,FALSE
Ashley Allen,1992,White,Blonde,Yes,FALSE
Morena Corwin,1992,Asian,Brown,Yes,FALSE
Tiffany Sloan,1992,White,Blonde,Yes,TRUE
Stephanie Adams,1992,Black,Brown,Yes,FALSE
Barbara Moore,1992,White,Blonde,Yes,FALSE
Echo Johnson,1993,White,Blonde,Yes,FALSE
Jennifer LeRoy,1993,White,Red,Yes,FALSE
Kimberly Donley,1993,White,Blonde,Yes,FALSE
Nicole Wood,1993,White,Blonde,Yes,FALSE
Elke Jeinsen,1993,White,Blonde,NULL,FALSE
Alesha Oreskovich,1993,White,Black,Yes,FALSE
Leisa Sheridan,1993,White,Blonde,Yes,FALSE
Jennifer Lavoie,1993,White,Brown,Yes,FALSE
Carrie Westcott,1993,White,Blonde,Yes,FALSE
Jenny McCarthy,1993,White,Blonde,Yes,FALSE
Julianna Young,1993,White,Blonde,Yes,FALSE
Arlene Baxter,1993,White,Blonde,Yes,FALSE
Anna-Marie Goddard,1994,White,Blonde,NULL,FALSE
Julie Lynn Cialini,1994,White,Brown,Yes,FALSE
Neriah Davis,1994,White,Blonde,Yes,FALSE
Becky DelosSantos,1994,White,Brown,Yes,FALSE
Shae Marks,1994,White,Blonde,Yes,FALSE
Elan Carter,1994,Black,Black,Yes,FALSE
Traci Adell ,1994,White,Black,Yes,FALSE
Maria Checa,1994,Latina,Brown,Yes,FALSE
Kelly Gallagher,1994,White,Brown,Yes,FALSE
Victoria Zdrok,1994,White,Blonde,Yes,FALSE
Donna Perry,1994,White,Brown,Yes,FALSE
Elisa Bridges,1994,White,Brown,Yes,TRUE
Melissa Holliday,1995,White,Blonde,Yes,FALSE
Lisa Marie Scott,1995,Asian,Brown,Yes,FALSE
Stacy Sanches,1995,Latina,Brown,Yes,FALSE
Danelle Folta,1995,White,Red,Yes,FALSE
Cynthia Brown,1995,White,Brown,Yes,FALSE
Rhonda Adams,1995,White,Blonde,Yes,FALSE
Heidi Mark,1995,White,Blonde,Yes,FALSE
Rachel Jean Marteen,1995,White,Brown,Yes,FALSE
Donna D’Errico,1995,White,Blonde,Yes,FALSE
Alicia Rickter,1995,White,Brown,Yes,FALSE
Holly Witt,1995,White,Blonde,Yes,FALSE
Samantha Torres,1995,White,Blonde,Yes,FALSE
Victoria Fuller,1996,White,Blonde,Yes,FALSE
Kona Carmack,1996,White,Blonde,Yes,FALSE
Priscilla Taylor,1996,White,Blonde,Yes,FALSE
Gillian Bonner,1996,White,Blonde,Yes,FALSE
Shauna Sand,1996,White,Blonde,Yes,FALSE
Karin Taylor,1996,Black,Brown,Yes,FALSE
Angel Boris,1996,White,Red,Yes,FALSE
Jessica Lee,1996,White,Brown,Yes,FALSE
Jennifer Allan,1996,White,Brown,Yes,FALSE
Nadine Chanz,1996,White,Blonde,Yes,FALSE
Ulrika Ericsson,1996,White,Blonde,Yes,FALSE
Victoria Silvstedt,1996,White,Blonde,Yes,FALSE
Jami Ferrel,1997,White,Blonde,Yes,FALSE
Kimber West,1997,Black,Black,Yes,FALSE
Jennifer Miriam,1997,White,Brown,Yes,FALSE
Kelly Monaco,1997,White,Brown,Yes,FALSE
Lynn Thomas,1997,Asian,Brown,Yes,FALSE
Carrie Stevens,1997,White,Brown,Yes,FALSE
Daphne Lynn Duplaix,1997,Black,Brown,Yes,FALSE
Kalin Olson,1997,White,Blonde,Yes,FALSE
Nikki Shieler,1997,White,Blonde,Yes,FALSE
Layla Roberts,1997,White,Blonde,Yes,FALSE
Inga Drozdova,1997,White,Blonde,Yes,FALSE
Karen McDougal,1997,White,Brown,NULL,FALSE
Heather Kozar,1998,White,Blonde,Yes,FALSE
Julia Shultz,1998,White,Blonde,NULL,FALSE
Marilece Andrada,1998,White,Blonde,Yes,FALSE
Holly Joan Hart,1998,Black,Brown,NULL,FALSE
Deanna Brooks,1998,White,Blonde,Yes,FALSE
Maria Luisa Gil,1998,Latina,Brown,Yes,FALSE
Lisa Dergan,1998,White,Blonde,Yes,FALSE
Angela Little,1998,White,Blonde,Yes,FALSE
Vanessa Gleason,1998,White,Brown,Yes,FALSE
Laura Cover,1998,White,Blonde,Yes,FALSE
Tiffany Taylor,1998,White,Brown,Yes,FALSE
Dahm triplets,1998,White,Blonde,Yes,FALSE
Jaime Bergman,1999,White,Blonde,Yes,FALSE
Stacy Marie Fuson,1999,White,Blonde,Yes,FALSE
Alexandria Karlsen,1999,White,Red,Yes,FALSE
Natalia Sokolova,1999,White,Blonde,Yes,FALSE
Tishara Cousino,1999,White,Brown,Yes,FALSE
Kimberly Spicer,1999,White,Blonde,Yes,FALSE
Jennifer Rovero,1999,White,Blonde,Yes,FALSE
Rebecca Scott,1999,White,Blonde,Yes,FALSE
Kristi Cline,1999,White,Blonde,Yes,FALSE
Jodi Ann Paterson,1999,South Asian,Brown,Yes,FALSE
Cara Wakelin,1999,White,Blonde,Yes,FALSE
Brooke Richards,1999,White,Blonde,Yes,FALSE
Carol Bernaola & Darlene Bernaola,2000,White,Brown,Yes,FALSE
Suzanne Stokes,2000,White,Blonde,Yes,FALSE
Nicole Marie Lenz,2000,White,Brown,Yes,FALSE
Brande Roderick,2000,White,Blonde,NULL,FALSE
Brooke Berry,2000,White,Brown,Yes,FALSE
Shannon Stewart,2000,White,Blonde,Yes,FALSE
Neferteri Shepherd,2000,Black,Brown,Yes,FALSE
Summer Altice,2000,White,Brown,Yes,FALSE
Kerissa Fare,2000,White,Blonde,Yes,FALSE
Nichole Van Croft,2000,White,Blonde,Yes,FALSE
Buffy Tyler,2000,White,Blonde,Yes,FALSE
Cara Michelle,2000,White,Brown,Yes,FALSE
Irina Veronina,2001,White,Blonde,Yes,FALSE
Lauren Michelle Hill,2001,White,Brown,NULL,FALSE
Miriam Gonzalez,2001,Latina,Brown,Yes,FALSE
Katie Lohmann,2001,White,Blonde,Yes,FALSE
Crista Nicole,2001,White,Blonde,Yes,FALSE
Heather Spytek,2001,White,Blonde,Yes,FALSE
Kimberly Stansfield,2001,White,Blonde,Yes,FALSE
Jeniffer Walcott,2001,White,Brown,Yes,FALSE
Dalene Kurtis,2001,White,Blonde,Yes,FALSE
Stephanie Heinrich,2001,White,Blonde,Yes,FALSE
Lindsey Vuolo,2001,White,Brown,Yes,FALSE
Shane Moakler,2001,White,Blonde,Yes,FALSE
Nicole Narain,2002,Black,Black,Yes,FALSE
Anka Romensky,2002,White,Blonde,Yes,FALSE
Tina Jordan,2002,White,Blonde,Yes,FALSE
Heather Carolin,2002,White,Red,NULL,FALSE
Christi Shake,2002,White,Blonde,Yes,FALSE
Michele Rogers,2002,Asian,Brown,Yes,FALSE
Lauren Anderson,2002,White,Blonde,Yes,FALSE
Christina Santiago,2002,Black,Black,Yes,FALSE
Shaman Meiers,2002,White,Blonde,Yes,FALSE
Teri Harrison,2002,White,Blonde,No,FALSE
Serria Tawan,2002,Black,Brown,Yes,FALSE
Lani Todd,2002,White,Blonde,NULL,FALSE
Rebecca Ramos,2003,White,Brown,Yes,FALSE
Charis Boyle,2003,White,Blonde,Yes,FALSE
Pennelope Jimenez,2003,Latina,Brown,Yes,FALSE
Carmella DeCesare,2003,Latina,Black,Yes,FALSE
Laurie Fetter,2003,White,Blonde,NULL,FALSE
Tailor James,2003,White,Blonde,No,FALSE
Marketa Janska,2003,White,Blonde,Yes,FALSE
Colleen Marie,2003,White,Brown,Yes,FALSE
Luci Victoria,2003,White,Blonde,No,FALSE
Audra Lynn,2003,White,Blonde,Yes,FALSE
Divini Rae,2003,White,Blonde,Yes,FALSE
Deisy Teles & Sarah Teles,2003,Latina,Black,Yes,FALSE
Colleen Shannon,2004,White,Blonde,Yes,FALSE
Aliya Wolf,2004,White,Brown,No,FALSE
Sandra Hubby,2004,White,Blonde,Yes,FALSE
Krista Kelly,2004,White,Brown,Yes,FALSE
Nicole Whitehead,2004,White,Blonde,Yes,FALSE
Hiromi Oshima,2004,Asian,Black,Yes,FALSE
Stephanie Glasson,2004,White,Blonde,No,FALSE
Pilar Lastra,2004,White,Brown,No,FALSE
Scarlett Keegan,2004,White,Red,NULL,FALSE
Kimberly Holland,2004,White,Blonde,No,FALSE
Cara Zavaleta,2004,Latina,Red,Yes,FALSE
Tiffany Fallon,2004,White,Black,Yes,FALSE
Destiny Davis,2005,White,Blonde,NULL,FALSE
Amber Campisi,2005,White,Brown,Yes,FALSE
Jillian Grace,2005,White,Blonde,Yes,FALSE
Courtney Rachel Culkin,2005,White,Blonde,Yes,FALSE
Jamie Westenhiser,2005,White,Brown,No,FALSE
Kara Monaco,2005,White,Blonde,Yes,FALSE
Qiana Chase,2005,Black,Black,No,FALSE
Tamara Witmer,2005,White,Blonde,No,FALSE
Vanessa Hoelsher,2005,White,Blonde,No,FALSE
Amanda Paige,2005,White,Blonde,No,FALSE
Raquel Gibson,2005,Asian,Brown,No,FALSE
Christine Smith,2005,White,Blonde,NULL,FALSE
Athena Lundberg,2006,White,Blonde,No,FALSE
Cassandra Lynn,2006,White,Blonde,No,TRUE
Monica Leigh,2006,White,Brown,No,FALSE
Holley Ann Dorrough,2006,White,Blonde,NULL,FALSE
Alison Waite,2006,White,Blonde,Yes,FALSE
Stephanie Larimore,2006,White,Brown,Yes,FALSE
Sara Jean Underwood,2006,White,Blonde,Yes,FALSE
Nicole Voss,2006,White,Brown,Yes,FALSE
Janine Habeck,2006,White,Brown,Yes,FALSE
Jordan Monroe,2006,White,Brown,No,FALSE
Sarah Elizabeth,2006,White,Blonde,Yes,FALSE
Kia Drayton,2006,Black,Black,Yes,FALSE
Jayde Nicole,2007,White,Brown,Yes,FALSE
Heather Rene Smith,2007,White,Blonde,No,FALSE
Tyran Richard,2007,White,Brown,No,FALSE
Giuliana Marino,2007,White,Brown,No,FALSE
Shannon James,2007,White,Blonde,NULL,FALSE
Brittany Binger,2007,White,Brown,No,FALSE
Tiffany Selby,2007,White,Blonde,No,FALSE
Tamara Sky,2007,Latina,Brown,NULL,FALSE
Patrice Hollis,2007,Black,Black,No,FALSE
Spencer Scott,2007,White,Blonde,No,FALSE
Lindsey Wagner,2007,White,Blonde,No,FALSE
Sasckya Porto,2007,Latina,Black,No,FALSE
Sandra Nilsson,2008,White,Red,No,FALSE
Michelle McLaughlin,2008,White,Blonde,No,FALSE
Ida Ljungqvist,2008,Black,Brown,NULL,FALSE
Regina Deutinger,2008,White,Blonde,NULL,FALSE
AJ Alexander,2008,White,Brown,No,FALSE
Juliette Fretté,2008,White,Blonde,Yes,FALSE
Laura Croft,2008,White,Black,No,FALSE
Kayla Collins,2008,White,Blonde,NULL,FALSE
Valerie Mason,2008,White,Black,No,FALSE
Kelly Carrington,2008,White,Blonde,No,FALSE
Grace Kim,2008,Asian,Brown,No,FALSE
Jennifer and Natalie Jo Campbell,2008,White,Brown,No,FALSE
Dasha Astafieva,2009,White,Black,No,FALSE
Jessica Burciaga,2009,Latina,Brown,No,FALSE
Jennifer Pershing,2009,White,Blonde,No,FALSE
Hope Dworaczyk,2009,White,Brown,No,FALSE
Crystal McCahill,2009,White,Brown,NULL,FALSE
Candice Cassidy,2009,White,Blonde,NULL,FALSE
Karissa Shannon,2009,White,Blonde,NULL,FALSE
Kimberly Phillips,2009,White,Brown,No,FALSE
Lindsey Evans,2009,White,Blonde,No,FALSE
Kelley Thompson,2009,White,Black,NULL,FALSE
Crystal Harris,2009,White,Blonde,No,FALSE
Jamie Faith Edmondson,2010,White,Red,No,FALSE
Heather Rae Young,2010,White,Blonde,No,FALSE
Kyra Milan,2010,White,Brown,Yes,FALSE
Amy Leigh Andrews,2010,White,Blonde,No,FALSE
Kassie Lyn Logsdon,2010,White,Brown,Yes,FALSE
Katie Vernola,2010,White,Blonde,No,FALSE
Shanna McLaughlin,2010,White,Blonde,Yes,FALSE
Francesca Frigo,2010,Latina,Black,No,FALSE
Olivia Paige,2010,White,Blonde,No,FALSE
Claire Sinclair,2010,White,Black,No,FALSE
Shera Bechard,2010,White,Blonde,NULL,FALSE
Ashley Hobbs,2010,White,Blonde,No,FALSE
Anna Sophia Berglund,2011,White,Blonde,No,FALSE
Kylie Johnson,2011,Black,Black,No,FALSE
Ashley Mattingly,2011,White,Blonde,No,FALSE
Jaclyn Swedberg,2011,White,Brown,No,FALSE
Sasha Bonilova,2011,White,Blonde,No,FALSE
Mei-Ling Lam,2011,Asian,Brown,NULL,FALSE
Jessa Lynn Hinton,2011,White,Blonde,No,FALSE
Iryna Ivanova,2011,White,Brown,No,FALSE
Tiffany Toth,2011,White,Blonde,No,FALSE
Amanda Cerny,2011,White,Brown,No,FALSE
Ciara Price,2011,White,Blonde,No,FALSE
Rainy Day Jordan,2011,White,Black,No,FALSE
Heather Knox,2012,White,Blonde,No,FALSE
Leola Bell,2012,Black,Black,No,FALSE
Lisa Seiffert,2012,White,Blonde,No,FALSE
Raquel Pomplun,2012,Latina,Black,No,FALSE
Nikki Leigh,2012,White,Blonde,No,FALSE
Amelia Talon,2012,White,Red,No,FALSE
Shelby Chesnes,2012,White,Brown,NULL,FALSE
Beth Williams,2012,White,Brown,No,FALSE
Alana Campos,2012,Latina,Brown,No,FALSE
Pamela Horton,2012,White,Brown,No,FALSE
Brittany Nola,2012,White,Blonde,Yes,FALSE
Amanda Streich,2012,White,Brown,No,FALSE
Karina Marie,2013,White,Blonde,No,FALSE
Shawn Dillon,2013,White,Brown,No,FALSE
Ashley Doris,2013,White,Black,No,FALSE
Jaslyn Ome,2013,Black,Brown,No,FALSE
Kristen Nicole,2013,White,Blonde,NULL,FALSE
Audrey Aleen Allen,2013,White,Blonde,No,FALSE
Alyssa Arcè,2013,White,Blonde,No,FALSE
Val Keil,2013,White,Black,No,FALSE
Bryiana Noelle,2013,Black,Black,No,FALSE
Carly Lauren,2013,White,Brown,No,FALSE
Gemma Lee Farrell,2013,White,Brown,No,FALSE
Kennedy Summers,2013,White,Blonde,No,FALSE
Roos van Montfort,2014,White,Blonde,No,FALSE
Amanda Booth,2014,White,Blonde,No,FALSE
Britt Linn,2014,White,Red,No,FALSE
Shanice Jordyn,2014,Black,Brown,No,FALSE
Dani Mathers,2014,White,Blonde,No,FALSE
Jessica Ashley,2014,White,Blonde,No,FALSE
Emily Agnes,2014,White,Brown,No,FALSE
Maggie May,2014,White,Brown,No,FALSE
Stephanie Branton,2014,White,Blonde,No,FALSE
Roxanna June,2014,White,Blonde,Yes,FALSE
Gia Marie,2014,White,Red,Yes,FALSE
Elizabeth Ostrander,2014,White,Red,No,FALSE
Brittny Ward,2015,White,Black,No,FALSE
Kayslee Collins,2015,White,Blonde,Yes,FALSE
Chelsie Aryn,2015,White,Brown,No,FALSE
Alexandra Tyler,2015,White,Black,No,FALSE
Brittany Brosseau,2015,White,Brown,No,FALSE
Kaylia Cassandra,2015,Black,Black,No,FALSE
Kayla Rae Reid,2015,White,Brown,No,FALSE
Dominique Jane,2015,White,Red,Yes,FALSE
Monica Sims,2015,White,Blonde,No,FALSE
Ana Cherie,2015,White,Brown,No,FALSE
Rachel Harris,2015,White,Blonde,Yes,FALSE
Eugena Washington,2015,Black,Black,NULL,FALSE
Amberleigh West,2016,White,Brown,Yes,FALSE
Kristy Garett,2016,White,Blonde,No,FALSE
Dree Hemingway,2016,White,Blonde,NULL,FALSE
Camille Rowe,2016,White,Blonde,NULL,FALSE
Brook Power,2016,White,Brown,NULL,FALSE
Josie Canseco,2016,White,Blonde,NULL,FALSE